Id,Category
001e22ff-7707-49ad-b176-a98e77ea2468, chl_3
0143c286-602c-45d9-8b60-21801b90071a, chl_4
01b24b90-e0df-4e02-9dd3-8f628dce657b, chl_1
037bc65c-0b1b-4fb2-a4d3-349c58655c23, chl_1
055416ea-48ee-49b2-b5e8-25c898eabb0e, sp
0803896b-aca5-485f-bc3b-dce4327f52fd, chl_3
084f6455-6f9f-4488-abe2-a33ab10313d5, chl_1
0a3212f5-3481-4ed0-9827-f9816cf365cb, sp
0ac53c9f-b7e1-4954-9f1f-8e3750b73b04, chl_1
0b05f9dc-a0a2-4c22-9c92-7b2c929eadc5, chl_2
0b64093f-0aa2-46ea-a985-f2c07e3d9707, chl_2
0c091322-8202-4c3a-9593-467e28e7e3dd, chl_1
0c1de6bc-9788-458a-962f-e6c33cfe0a28, chl_4
0e0d9ef5-8b43-4197-b16a-c8e3f4e5e8ab, sp
0f80e66f-2caf-4b48-9651-4cc579c5e775, chl_1
1181d5a7-3f1b-4ebf-97e1-a8bbc1191eb8, chl_3
11a80d6a-ed03-4dec-9356-668ccc710d43, chl_1
13a74fb2-f1b8-4ddf-9309-6d08475fd5da, chl_3
15b43173-35f8-44eb-8c7f-2bbf83db1dab, chl_1
183b6803-7470-4e4f-9100-0dcd3d756b68, chl_1
1867b059-8417-47bd-8019-91848a8fac58, sp
197cf833-5d4c-4484-9e24-fd24e3e04503, chl_3
1b255aca-2f0e-40da-916d-fd10b05bde89, sp
1c3c026c-85e0-48ba-a083-7e8c4d3c41b8, chl_1
1da8b262-ed56-4e72-aa89-f939ac86df24, chl_1
1dca83dc-24b3-4e84-80d9-ef58af1a47c3, chl_1
1f2b2207-3b4b-4dc7-84d4-5842fc2af3d7, chl_4
205930c3-d6c0-4e5d-8b43-ee4b092fa5f2, debr
20e19123-4bac-4673-8036-fd674007b324, sp
216dd0b9-6d8c-4699-8ef3-9c2615da816d, chl_1
22cd6706-fa0f-4796-bfcd-f8e4cd3448e4, chl_1
23743e1f-011f-4af9-b71e-730280f1456d, debr
243e320a-4cee-4d50-bb84-87065faf280a, sp
24f3422b-0eef-42a4-ba04-725f73625280, chl_4
252c1b98-43b3-4454-986e-7b22de35dcd2, chl_3
255c38d3-57ee-4449-872a-3211bf563b69, chl_8
25804216-15db-49d3-8ea0-68d44cce016a, chl_8
296315f4-6f72-42cf-8b0f-5acb1a7b6824, chl_2
29f8cb16-8254-4447-9f10-282c4d6f7b40, chl_2
2b7171f1-3ebe-4c7a-a07e-3de806a91cc9, chl_8
2eb8adb7-cd01-4e34-aed0-a86cfa24663e, chl_1
308b1480-5704-48c7-86d3-5ea7ea4496ae, chl_3
3161acc5-6d04-4192-af0c-49b5e9d47391, debr
31aa4821-61b2-4eb2-8e09-9002f7da7467, chl_1
328ad0b6-ffe8-42b2-b526-e49abae5bff6, chl_2
32ef95b6-5035-4d34-9684-f2153659aa48, chl_1
34a3210b-0a07-4a67-a05d-860de19ce7e1, debr
35af3c31-882a-4585-957c-a0d99eecd776, sp
36162f4e-b551-49b6-bd80-9915350d3037, debr
3635ab87-5c3a-4038-bea7-014608c4675d, chl_3
37f8f67a-60f7-4cc8-ac2d-a1b59dd7d900, chl_2
39a97312-0d24-4c7f-a937-2f6420c95b34, chl_1
3a238f17-3140-440e-993c-c388fb400554, chl_1
3b7f3564-26cf-4fa9-a4a7-4e2feb63337a, chl_2
3bbc2f8e-0507-4f1b-bf54-59ea9341c6fc, sp
3bd43bbe-8d51-4b41-8e22-fd63b5c961b4, chl_4
3cbddb35-e88a-4a21-91c8-ca168c9b9438, chl_1
3cf78125-e71c-46f5-9d9f-58f28fe1d4ad, chl_2
3d79a113-b24f-4faa-9111-61ba58b40d5c, chl_1
3dec90d2-b3ff-4c01-bfdd-943d0fd60a79, chl_1
3e260924-54bc-4880-9d37-9a2ece118b68, chl_1
3e34683b-16f9-4cba-bcd1-b6c76b6336d0, chl_2
400589f0-e8d8-407e-81ab-aa894fce603f, sp
40268119-86f7-42e4-a3d6-dfec65aa5760, chl_2
40ede48d-4fa6-4b42-a2d3-a041495465b6, chl_4
41f4e2f1-3535-42fd-9f29-ebdb2bb6107e, chl_1
420f6b0b-f0ce-43c5-9a2f-13d850a99bec, chl_1
4242be84-3121-4a32-9b3b-cbfef17dfad9, chl_2
43696e34-d68c-4f53-9881-f59d2b4cc866, chl_1
440e9fae-19a4-4bc1-89cf-f0fb7a6c9ca4, chl_8
4474487d-d555-400b-868e-d5c1d829a0c2, chl_1
4597adce-1190-4bc9-8c28-2ba4660ad18f, chl_2
47d17d11-a52d-412b-bda6-76895f7c4555, chl_8
49c3793d-c7c1-4f33-be76-101fbcee9439, sp
4b31c899-3ec9-4fdd-8db4-b6e71a2997ab, chl_1
4b5a6261-e5d7-44c9-840d-fd2b626a6647, chl_4
4b949542-eb69-4c96-89eb-b691887fba43, chl_1
4c803d0f-45b6-46c2-9ce9-1c5475ac4165, debr
4debd667-655e-4082-b413-e4d12e8e4ae8, chl_1
4f36cd21-0dc3-4cc9-9376-120622a8161a, chl_1
4f5217ae-73f0-471a-ba2c-1077efdcf969, sp
4f5c055f-9240-4f37-854a-3c9ff3589804, debr
507c78c1-bc7d-469b-b930-7fad0e1b9e02, sp
52563e3a-6853-496a-be0b-c8bbdc9a64d7, chl_8
5396b1e8-bf16-4b1e-b7b7-cf744db38d57, debr
562213e0-ec82-4d25-b8c8-a4cb2e68d57c, sp
577dfbb5-26be-499c-b411-16c09fe1a448, chl_1
57cafa6a-6500-418c-8882-6c02f6670217, chl_3
58160e95-ff26-4058-b962-d0099c23506b, chl_3
5819f076-0006-42b9-8b94-a824586ea5d3, chl_3
584b5102-6390-4d6d-9a9d-a2d175d57e93, sp
59272b35-2a6c-46bb-ba4f-69fbe2228164, chl_4
5a1caf17-8ae5-49b1-ad1a-e2d9fe6f13c2, debr
5a335dbd-dd1d-4ef6-b1ae-f73be3ae8ea9, chl_1
5bf276a7-dee4-4eac-941d-7718b5ff1c84, chl_3
5cf285bf-0d05-4610-8450-e2e69aa623ef, sp
5d052010-74a0-4207-bd90-4b715d21b811, sp
5d13743b-1210-4f74-ad12-6f93423b75de, chl_1
5e60a34c-6e2a-4bb7-8e01-6a10128ec224, chl_1
5f8adc0e-db0e-4832-a598-5be294727731, sp
5fb32711-2c43-4810-b371-b74994055d46, sp
6084d680-ec9c-4d17-9905-afd8cc0d92d8, sp
61da3d5b-8229-4244-b59c-7ffbbebb352a, debr
630cba3d-45d3-4bc5-b98e-14ca5f697dfe, chl_1
63425e03-242a-4160-8a6e-e9c06f96c720, sp
64265367-09e1-4d50-9649-9eda77bf527a, chl_1
66467305-35b5-447e-b3da-0897692e4a46, chl_1
66922951-6930-4f2c-982a-eb02cfd9a009, chl_3
6736f721-18d9-4c7a-8548-08cdee6b1272, chl_2
6b159ac1-d19e-4646-8dd9-87c0cfd07fce, sp
6bb381f5-bc70-4de8-abb8-ec0faaf0d301, chl_1
6c8aa8ae-8dbc-46a3-a327-cf940580f1b4, chl_1
6cfba3e2-d4b5-4602-a6cc-49039cb1ed4c, chl_1
6d842e16-b0df-4953-ba23-4f6107f3a1ee, sp
6e271605-f29f-4bcb-a308-06a5d0efd541, chl_1
6e56bf9d-5c0b-4e94-b62f-fe10d97d5902, sp
6f246d04-5343-40a5-a13e-d3b67ed89b79, sp
6fa9ace8-6bea-44a2-9455-867541a2f5d5, chl_3
70fe03d8-6e58-4e87-a8fd-0c49b949b174, sp
7158c4f4-16be-40c7-923a-28a8a8ef9255, chl_1
73653f18-3468-484d-a850-d1d4f4b355b0, chl_1
754929f0-5ac6-417a-a5f6-ab0c15f778a6, sp
79beed63-7f88-427f-9e13-f5ce1c75ff15, chl_1
7eaf4cb9-b2ef-4a81-b03c-652e26fa0520, debr
7f08502f-c1a4-43c6-85a9-f1c3bdb9a44d, debr
7f26e2f2-a4c7-4476-9a12-2623c430ad4a, chl_1
7f4e7f83-e2dc-4aea-8be2-0c47d72ebefd, chl_1
7f618ac5-82a1-446b-a147-f31a7b0942f0, debr
80210a24-ed93-43c1-a7b2-06ac1f8c5bcb, chl_3
807911f0-06b3-4484-91a9-929474dfe9df, chl_1
8377df02-aed2-4e28-98ef-186b45117607, debr
83af61aa-86b5-4ae7-868b-94d856795968, chl_3
84352731-c76e-49af-88ac-5292917ac903, sp
84caff25-02b7-4833-a381-2fea30ed61c0, debr
88a67058-59ad-4cc7-a55d-2e8a16921edf, debr
88e31826-46ac-47a8-a68a-866231eda399, chl_4
8936b887-d6bc-45d7-812f-1861deae2664, chl_1
89d86800-b13d-4662-9ee3-6aee18d67542, debr
8a255b01-b6cc-43b5-8eaf-459a13c79990, chl_1
8a6be302-878f-4474-9626-3bbea1043cc7, chl_3
8c3c7714-5d76-4d3a-b8a7-6570f85281a0, chl_8
8d40da70-606f-4543-87e0-5ba54db17bf2, chl_3
8d930a17-2b1d-40f1-a609-5c658e26e6aa, chl_1
90b20257-8d8f-4df5-af9e-2f517ec278d9, chl_1
92269c86-332e-4827-9b70-642ec8418578, debr
93c37435-3ae3-4343-8ead-93e34ed70db5, sp
94501d50-84b2-4d3b-8eee-d0c183f48832, chl_3
950dbf2a-1b7f-4fcf-a6e6-83fcd34478e9, chl_multi
96f9561c-b4ff-466d-b928-3d812933c105, chl_1
97882bfa-fede-43b1-8f8b-440da5e965a7, sp
999a620e-574c-4e2f-9e51-0e7f907ee102, sp
99a17895-416c-4aaf-a36e-2220627a9824, chl_1
99f13513-86cf-4b20-b1e4-235e115524fb, sp
9a88f699-8d7f-42f0-88ce-6c6fbd497213, chl_2
9bdb597f-d643-4b48-a30c-1fa444d924d7, chl_1
9c8c99ee-2662-49a7-800e-6f3505143ba2, debr
9cc34162-2324-488e-aeb0-5315f6e06d72, chl_1
9cc82b02-d6a9-4eeb-a189-311ba7aef330, chl_3
9cdf6b30-c3e2-4665-8c2f-5a863e331a5d, chl_3
9ec46ff5-da39-421f-8e3b-e17f39faa6d6, chl_1
9ef3a144-dfa2-4449-a52d-52256d2fe76a, chl_1
a1104775-1d8b-4a6b-81f9-f75e6a2c858a, chl_3
a2002ea0-57ab-4d3a-83a8-0b15afc1eb3f, chl_1
a27d27cb-250d-40ea-8e3b-1fbff584a1af, chl_4
a3345222-54b2-4785-8dd1-c1614411fc9b, chl_1
a3f61a89-3e79-4c8f-a808-acfae3351e79, chl_1
a41bce88-a358-4672-88b2-7f6dda905877, sp
a566803c-9ab7-424c-aa22-e7d7bddaae1c, chl_8
a56d6415-d758-4e4b-9e06-7cd248867715, chl_1
a57e1b96-0df1-470a-ba64-8dcf6c9873d8, chl_1
a5e51a72-2f72-4adb-80e0-a577d31af2b2, debr
a5eca79d-12ee-4c36-88e4-5c573df3ff78, chl_1
a679a762-281a-4df1-9b81-21df3386e3e8, chl_3
a6c8084a-e6b0-43fa-84df-8ee56e31782d, chl_1
a6f8578f-3016-4514-ac1c-d15fac11e01f, chl_2
a70826c8-035b-4d2f-b686-63b0349771db, debr
a75e0ebb-f05f-4e50-bdcb-843498aa0204, chl_multi
a7792946-7b73-4b51-b94c-2a544fd86f54, chl_1
a8aa5ff8-ad1d-4391-b601-a73d7439c214, sp
a9227db3-dd95-45b8-9000-21ff4863f1e8, chl_1
a93546c7-91e6-4f9b-a6d1-8054146ad54d, sp
aa4955bd-7a5b-4925-9af9-1af020b53e4f, chl_1
aae1ff62-7d5c-47ad-89d9-c77d411903d6, debr
aaf0f3d7-6bef-4545-81b7-f0c85830bceb, chl_3
ab356e6b-c313-4d1a-b20f-23ebf1202a35, chl_3
abe47c29-e043-4985-8539-b79cbf1b641d, chl_1
ad6baba7-1b96-4d34-b569-2c25e0446331, chl_8
ad8ff9af-a2a8-4997-a5d0-084423cdf973, sp
ae95144a-2b8c-4401-bab4-ac4acdcacb23, chl_1
aed2d722-7e04-42cc-a55e-da76b29edaa1, chl_4
b02dbf66-2a8b-40a7-a976-b54d4f3abdc0, chl_2
b02f8ed2-872e-47b4-905d-f4f13d0ded1c, chl_4
b084bdc2-ca72-414d-b9bc-c49cea36ccc1, chl_3
b0d71807-46ba-406e-921f-691dc11c0bd6, chl_1
b42d48ed-8dbc-4789-b8eb-99142bd7ef5e, chl_multi
b46f0404-d115-4837-ad49-b8421155b7e8, chl_3
b57aa4cf-8b27-4647-90f6-c10482bbbe00, chl_1
b5d5509e-43eb-4b8a-9024-fe5aaa121d3d, chl_1
b682482c-9304-4522-9756-601f0d571bb7, chl_1
b6e75ff5-1b0c-4170-8ff0-7851b3213367, debr
b75d9070-0bad-488c-a309-7e9a2166eaf7, chl_1
b79fff28-4c9a-4dde-b695-0a32c044fdd4, chl_1
b967c053-48de-41b9-a1be-9ee1a3e90c24, chl_1
b9deddda-bf8e-461f-8920-7be11bfa47ad, chl_2
ba00ce38-b63a-4b5e-a329-226ef58c1ad7, debr
bae5150d-ef63-4542-b9ce-a64c3da55d4c, chl_1
bbc045e3-3410-43ca-98f3-7729a963058e, chl_1
bfb8e2a2-f306-4626-9858-64deed3e84b0, sp
bfd75125-9b97-45b0-8a9c-f7978f5e1d08, chl_2
c0f047b1-e1c0-4823-b4d8-dba4466e5e2a, chl_1
c0fc698f-61db-4bde-a4c6-82529d32cbab, chl_1
c13895f1-3015-42fd-ab39-05f6081d4250, chl_1
c176b34a-9444-40d9-bc09-712e1398066b, debr
c1a05592-8813-4090-9042-18b6dac26421, chl_3
c304b5cf-2711-4c07-8517-b978be20d994, chl_8
c51d09a4-6e6e-414e-b033-d7c084ee543d, chl_1
c6d8ed29-0f3a-4195-b52b-0ab9c3e72574, debr
c6f97b3d-a3be-42d7-9ba2-284887f9e235, chl_2
c750eb83-af4b-4693-a433-a0dd12716d58, chl_1
ca1ddb78-c1e1-4bb5-bae3-ed4acdee4afb, chl_1
ca3c4401-9438-499c-8881-f762bcf4ef0f, chl_3
ca6471e0-5552-4bee-b289-85e688d9361e, chl_1
cb1cc475-ad01-4d05-b47a-a203ff89c6e8, chl_1
cb5cdf36-1bef-4235-ae66-0a82da6b3544, sp
cc8d1d63-d54e-4da6-8b70-97afbbf7bc40, chl_2
cd58837f-9678-4760-b128-dd1c56f6ed79, debr
cdf574ea-ac24-4035-9c77-60904d4cc39b, debr
cdf8fcaf-ab1e-4c3a-b721-98e003fa057a, chl_1
d65357c4-ac77-4c69-9101-2fc199434052, chl_3
d73ee31b-5614-4639-9a5b-a2c729d56a72, chl_1
d93e6975-4a44-4431-8752-1716f2d317bd, chl_1
d96ad4d5-d588-4dc2-a6dc-069cbf3e026b, chl_3
dcb94d2c-7132-4e57-a694-0fb21b203ac1, chl_3
dcdec509-e8e8-472f-b182-aa2683a234f7, chl_1
dcf1b12b-500d-4096-a143-d998ffc388b8, chl_1
e1216276-46c6-4fd1-823f-9b2fa941ccdd, debr
e3637313-707d-4d71-a055-66a677d5536b, debr
e43ec092-f5db-430f-a85b-b1551bc13422, chl_1
e5c6aa64-3f79-4936-89d8-52341c550bde, chl_1
e64ae883-e46e-4404-8bc1-06f7cce4ba8b, chl_1
e86cfb59-9987-4c72-921b-3aba7ec2cce3, chl_3
e96338a4-ff66-4605-9e05-219a55711b53, chl_1
ea30cdb7-dc20-47c0-99f3-843b993ebc08, chl_2
ecd3bc1d-b882-4079-bc8e-d0ad8051871c, chl_2
ef0a499c-10ff-45fd-ad90-c25c0ace37a4, chl_2
f0032997-ac73-4859-a2e9-ffe39dd6ddb4, chl_1
f0680efb-0fac-403d-814c-70b633c8ac08, chl_1
f0c21a12-ed5d-451b-a132-a4d8d6cb0c20, sp
f2baf1d0-1c10-44ab-b7b9-6cb636067f6a, chl_1
f3486b25-4e91-43cb-8d34-47bf9af8c800, chl_1
f395c67e-13da-4763-96b9-56ef7578548a, chl_1
f3de489d-528d-4396-9fe1-451f9754bad6, chl_3
f49f23e1-1194-4d7d-a230-886ad14cf44d, debr
f4ec3472-44b0-46f7-b5de-bbb9f0f21168, chl_1
f74a3591-a277-4db7-8b7f-42066ddab164, sp
f9f77c17-7c35-4ed1-aa4e-764f891fefc9, sp
fbaaa048-133b-4de3-a29e-a7dbd81c00d9, sp
fc3b8716-bbbf-4f3f-b545-4abb0c1d63c4, chl_4
fc875b5d-9f24-44c3-880b-a92c82c029ca, sp
fe557a1a-50ea-450c-ad0f-1c2ac21f30d5, chl_4
fe5b28ba-25fc-4b03-991c-fee03d7132fb, debr
fe7ae80c-2f46-4577-9c16-5fd2ff24011d, chl_1
